<?xml version="1.0" ?>
<LOG_ROOT>
	<PROJECT NAME="tutor7">
		<CBX_INST_ENTRY INSTANCE_NAME="|tutor7|lpmcounterreloj3:inst16|lpm_counter:LPM_COUNTER_component" CBX_FILE_NAME="cntr_5rl.tdf"/>
		<CBX_INST_ENTRY INSTANCE_NAME="|tutor7|lpmcounterreloj4:inst19|lpm_counter:LPM_COUNTER_component" CBX_FILE_NAME="cntr_val.tdf"/>
		<CBX_INST_ENTRY INSTANCE_NAME="|tutor7|lpmcounterreloj:inst13|lpm_counter:LPM_COUNTER_component" CBX_FILE_NAME="cntr_vqk.tdf"/>
		<CBX_INST_ENTRY INSTANCE_NAME="|tutor7|lpmcounterreloj2:inst14|lpm_counter:LPM_COUNTER_component" CBX_FILE_NAME="cntr_ghk.tdf"/>
		<CBX_INST_ENTRY INSTANCE_NAME="|tutor7|lpmcounterreloj3:inst15|lpm_counter:LPM_COUNTER_component" CBX_FILE_NAME="cntr_5rl.tdf"/>
		<CBX_INST_ENTRY INSTANCE_NAME="|tutor7|lpmcounterreloj5:inst20|lpm_counter:LPM_COUNTER_component" CBX_FILE_NAME="cntr_qpl.tdf"/>
	</PROJECT>
</LOG_ROOT>
